{
	"appId": "io.ionic.starter",
	"appName": "photo-py",
	"webDir": "www",
	"bundledWebRuntime": false,
  "plugins": {
    "SplashScreen": {
      "launchShowDuration": 3000,
      "launchAutoHide": true,
      "backgroundColor": "#ffffffff",
      "androidSplashResourceName": "splash",
      "androidScaleType": "CENTER_CROP",
      "showSpinner": true,
      "androidSpinnerStyle": "large",
      "iosSpinnerStyle": "small",
      "spinnerColor": "#999999",
      "splashFullScreen": true,
      "splashImmersive": true,
      "layoutName": "launch_screen",
      "useDialog": true
    }
  }
}
